pct_05_mean,pct_05_sd,pct_05_min,pct_05_max,pct_10_mean,pct_10_sd,pct_10_min,pct_10_max,pct_15_mean,pct_15_sd,pct_15_min,pct_15_max,pct_20_mean,pct_20_sd,pct_20_min,pct_20_max,pct_25_mean,pct_25_sd,pct_25_min,pct_25_max,pct_30_mean,pct_30_sd,pct_30_min,pct_30_max,pct_35_mean,pct_35_sd,pct_35_min,pct_35_max,pct_40_mean,pct_40_sd,pct_40_min,pct_40_max,pct_45_mean,pct_45_sd,pct_45_min,pct_45_max,pct_50_mean,pct_50_sd,pct_50_min,pct_50_max,pct_55_mean,pct_55_sd,pct_55_min,pct_55_max,pct_60_mean,pct_60_sd,pct_60_min,pct_60_max,pct_65_mean,pct_65_sd,pct_65_min,pct_65_max,pct_70_mean,pct_70_sd,pct_70_min,pct_70_max,pct_75_mean,pct_75_sd,pct_75_min,pct_75_max,pct_80_mean,pct_80_sd,pct_80_min,pct_80_max,pct_85_mean,pct_85_sd,pct_85_min,pct_85_max,pct_90_mean,pct_90_sd,pct_90_min,pct_90_max,pct_95_mean,pct_95_sd,pct_95_min,pct_95_max
9.672906249999848,7.384916736822383,0,82,13.984875000000063,9.48695927625231,0,85,17.281093750000085,10.44182035334817,0,88,20.03590625000029,10.889548208573503,0,90,22.419312499999904,11.077060144359685,0,92,24.519187499999962,11.09595272362985,0,95,26.41634375000024,10.966779840840564,0,98,28.145531249999877,10.779418260084187,0,100,29.725687499999847,10.598402608136196,0,102,31.202437499999945,10.417975967196313,0,105,32.5990937500002,10.254506522473868,0,107,33.94596874999987,10.115588071589379,0,110,35.26612499999993,10.020859645522059,0,112,36.597031250000065,9.982410102400348,0,160,37.978437500000055,9.938642856448043,0,160,39.46090624999981,9.890274438885728,0,160,41.131656250000184,9.906072100111404,0,160,43.19309374999992,10.002049656689218,0,160,46.240968749999816,10.276931851993945,0,160
